id,package
049e8f9f756df0c335904ce71cd3319dd2a03f56,lp
a5f9627489af534e1f4608ec42fb7ff0bb5a95f5,openturns
a5f9627489af534e1f4608ec42fb7ff0bb5a95f5,__future__
00383d33e4633e81dd58d14cccbd858fbf0760e6,tastypie
00383d33e4633e81dd58d14cccbd858fbf0760e6,django
bb263d7064712a826da860cafd08d3640cb75efc,random
bb263d7064712a826da860cafd08d3640cb75efc,haystack
bb263d7064712a826da860cafd08d3640cb75efc,resource_rainbow
bb263d7064712a826da860cafd08d3640cb75efc,datetime
bb263d7064712a826da860cafd08d3640cb75efc,django
bb263d7064712a826da860cafd08d3640cb75efc,taggit
bb263d7064712a826da860cafd08d3640cb75efc,web
ec163a02563379e9e9a6c7108a05b4e503de567e,os
ec163a02563379e9e9a6c7108a05b4e503de567e,time
ec163a02563379e9e9a6c7108a05b4e503de567e,qkit
203dd2aad93386e0f3be772f18f648b9d8543730,os
203dd2aad93386e0f3be772f18f648b9d8543730,mocker
203dd2aad93386e0f3be772f18f648b9d8543730,re
203dd2aad93386e0f3be772f18f648b9d8543730,cloudinit
82ec1cc1f21d9d2029e494a501137f389ed0c490,pygame
f6d385dbe0e8eb4139191335ccead5c66faa96dc,__future__
f6d385dbe0e8eb4139191335ccead5c66faa96dc,django
1ea1dba962d7f3f5acbd2e5e847caa57ccbdc07a,gevent
1ea1dba962d7f3f5acbd2e5e847caa57ccbdc07a,socket
1ea1dba962d7f3f5acbd2e5e847caa57ccbdc07a,eventlet
1ea1dba962d7f3f5acbd2e5e847caa57ccbdc07a,sys
6455d784201db7c21d6d486f56adf74195d609d2,six
6455d784201db7c21d6d486f56adf74195d609d2,os
6455d784201db7c21d6d486f56adf74195d609d2,yaml